<?xml version="1.0" encoding="utf-8"?>
<!--
- phpMyAdmin XML Dump
- version 5.1.1
- https://www.phpmyadmin.net
-
- Máy chủ: 127.0.0.1
- Thời gian đã tạo: Th12 04, 2021 lúc 02:16 PM
- Phiên bản máy phục vụ: 10.4.21-MariaDB
- Phiên bản PHP: 7.3.31
-->

<pma_xml_export version="1.0" xmlns:pma="https://www.phpmyadmin.net/some_doc_url/">
    <!--
    - Structure schemas
    -->
    <pma:structure_schemas>
        <pma:database name="csdl_qlnv" collation="utf8mb4_general_ci" charset="utf8mb4">
            <pma:table name="chucvu">
                CREATE TABLE `chucvu` (
                  `MACV` varchar(10) NOT NULL,
                  `NAMECV` varchar(30) DEFAULT NULL,
                  PRIMARY KEY (`MACV`)
                ) ENGINE=InnoDB DEFAULT CHARSET=utf8mb4;
            </pma:table>
            <pma:table name="damnhiem">
                CREATE TABLE `damnhiem` (
                  `MANV` varchar(10) NOT NULL,
                  `MACV` varchar(10) NOT NULL,
                  PRIMARY KEY (`MANV`,`MACV`)
                ) ENGINE=InnoDB DEFAULT CHARSET=utf8mb4;
            </pma:table>
            <pma:table name="hdld">
                CREATE TABLE `hdld` (
                  `MAHD` varchar(10) NOT NULL,
                  `LOAIHD` varchar(10) DEFAULT NULL,
                  `TIMEHD` varchar(30) DEFAULT NULL,
                  PRIMARY KEY (`MAHD`)
                ) ENGINE=InnoDB DEFAULT CHARSET=utf8mb4;
            </pma:table>
            <pma:table name="luong">
                CREATE TABLE `luong` (
                  `BACLUONG` int(11) NOT NULL,
                  `LUONGCB` int(11) DEFAULT NULL,
                  `TANGCA` int(11) DEFAULT NULL,
                  `THUONG` int(11) DEFAULT NULL,
                  PRIMARY KEY (`BACLUONG`)
                ) ENGINE=InnoDB DEFAULT CHARSET=utf8mb4;
            </pma:table>
            <pma:table name="nhanvien">
                CREATE TABLE `nhanvien` (
                  `MANV` varchar(10) NOT NULL,
                  `USERNAME` varchar(30) DEFAULT NULL,
                  `PASS` varchar(20) DEFAULT NULL,
                  `NAMENV` varchar(30) DEFAULT NULL,
                  `MAIL` varchar(30) DEFAULT NULL,
                  `PHONE` varchar(30) DEFAULT NULL,
                  `CHUCVU` varchar(10) DEFAULT NULL,
                  `BACLUONG` int(11) DEFAULT NULL,
                  `PHONGBAN` varchar(10) DEFAULT NULL,
                  `HDLD` varchar(10) DEFAULT NULL,
                  PRIMARY KEY (`MANV`)
                ) ENGINE=InnoDB DEFAULT CHARSET=utf8mb4;
            </pma:table>
            <pma:table name="phongban">
                CREATE TABLE `phongban` (
                  `MAPB` varchar(10) NOT NULL,
                  `NAMEPB` varchar(30) DEFAULT NULL,
                  `DCPB` varchar(30) DEFAULT NULL,
                  `STDPB` varchar(10) DEFAULT NULL,
                  PRIMARY KEY (`MAPB`)
                ) ENGINE=InnoDB DEFAULT CHARSET=utf8mb4;
            </pma:table>
            <pma:table name="sdt">
                CREATE TABLE `sdt` (
                  `MANV` varchar(10) NOT NULL,
                  `PHONE` varchar(10) NOT NULL,
                  PRIMARY KEY (`MANV`,`PHONE`)
                ) ENGINE=InnoDB DEFAULT CHARSET=utf8mb4;
            </pma:table>
        </pma:database>
    </pma:structure_schemas>

    <!--
    - Cơ sở dữ liệu: 'csdl_qlnv'
    -->
    <database name="csdl_qlnv">
        <!-- Bảng chucvu -->
        <table name="chucvu">
            <column name="MACV">GD</column>
            <column name="NAMECV">Giam Doc</column>
        </table>
        <table name="chucvu">
            <column name="MACV">NV</column>
            <column name="NAMECV">Nhan Vien</column>
        </table>
        <table name="chucvu">
            <column name="MACV">TP</column>
            <column name="NAMECV">Truong Phong</column>
        </table>
        <!-- Bảng damnhiem -->
        <table name="damnhiem">
            <column name="MANV">GD01</column>
            <column name="MACV">GD</column>
        </table>
        <table name="damnhiem">
            <column name="MANV">NV01</column>
            <column name="MACV">NV</column>
        </table>
        <table name="damnhiem">
            <column name="MANV">NV02</column>
            <column name="MACV">NV</column>
        </table>
        <table name="damnhiem">
            <column name="MANV">NV02</column>
            <column name="MACV">TP</column>
        </table>
        <table name="damnhiem">
            <column name="MANV">NV03</column>
            <column name="MACV">NV</column>
        </table>
        <table name="damnhiem">
            <column name="MANV">NV04</column>
            <column name="MACV">NV</column>
        </table>
        <table name="damnhiem">
            <column name="MANV">NV05</column>
            <column name="MACV">NV</column>
        </table>
        <!-- Bảng hdld -->
        <table name="hdld">
            <column name="MAHD">HD01</column>
            <column name="LOAIHD">HDNV</column>
            <column name="TIMEHD">3 nam</column>
        </table>
        <table name="hdld">
            <column name="MAHD">HD02</column>
            <column name="LOAIHD">HDTP</column>
            <column name="TIMEHD">5 nam</column>
        </table>
        <table name="hdld">
            <column name="MAHD">HD03</column>
            <column name="LOAIHD">HDGD</column>
            <column name="TIMEHD">Vinh vien</column>
        </table>
        <!-- Bảng luong -->
        <table name="luong">
            <column name="BACLUONG">1</column>
            <column name="LUONGCB">15000000</column>
            <column name="TANGCA">0</column>
            <column name="THUONG">5000000</column>
        </table>
        <table name="luong">
            <column name="BACLUONG">2</column>
            <column name="LUONGCB">20000000</column>
            <column name="TANGCA">0</column>
            <column name="THUONG">10000000</column>
        </table>
        <table name="luong">
            <column name="BACLUONG">3</column>
            <column name="LUONGCB">30000000</column>
            <column name="TANGCA">0</column>
            <column name="THUONG">20000000</column>
        </table>
        <!-- Bảng nhanvien -->
        <table name="nhanvien">
            <column name="MANV">GD01</column>
            <column name="USERNAME">ADMIN</column>
            <column name="PASS">ADMIN</column>
            <column name="NAMENV">Nguyen Van A</column>
            <column name="MAIL">NVA123@gmail.com</column>
            <column name="PHONE">0983649283</column>
            <column name="CHUCVU">GD</column>
            <column name="BACLUONG">3</column>
            <column name="PHONGBAN">PB01</column>
            <column name="HDLD">HDGD</column>
        </table>
        <table name="nhanvien">
            <column name="MANV">NV01</column>
            <column name="USERNAME">NVA</column>
            <column name="PASS">NVA123</column>
            <column name="NAMENV">Nguyen Van A</column>
            <column name="MAIL">NVA123@gmail.com</column>
            <column name="PHONE">0982376397</column>
            <column name="CHUCVU">NV</column>
            <column name="BACLUONG">1</column>
            <column name="PHONGBAN">PB02</column>
            <column name="HDLD">HDNV</column>
        </table>
        <table name="nhanvien">
            <column name="MANV">NV02</column>
            <column name="USERNAME">NVB</column>
            <column name="PASS">NVB123</column>
            <column name="NAMENV">Nguyen Van B</column>
            <column name="MAIL">NVB123@gmail.com</column>
            <column name="PHONE">0982432432</column>
            <column name="CHUCVU">TP</column>
            <column name="BACLUONG">1</column>
            <column name="PHONGBAN">PB02</column>
            <column name="HDLD">HDTP</column>
        </table>
        <table name="nhanvien">
            <column name="MANV">NV03</column>
            <column name="USERNAME">NVC</column>
            <column name="PASS">NVC123</column>
            <column name="NAMENV">Nguyen Van C</column>
            <column name="MAIL">NVC123@gmail.com</column>
            <column name="PHONE">0989387267</column>
            <column name="CHUCVU">NV</column>
            <column name="BACLUONG">2</column>
            <column name="PHONGBAN">PB03</column>
            <column name="HDLD">HDNV</column>
        </table>
        <table name="nhanvien">
            <column name="MANV">NV04</column>
            <column name="USERNAME">NVD</column>
            <column name="PASS">NVD123</column>
            <column name="NAMENV">Nguyen Van D</column>
            <column name="MAIL">NVD123@gmail.com</column>
            <column name="PHONE">0983242142</column>
            <column name="CHUCVU">TP</column>
            <column name="BACLUONG">2</column>
            <column name="PHONGBAN">PB03</column>
            <column name="HDLD">HDTP</column>
        </table>
        <table name="nhanvien">
            <column name="MANV">NV05</column>
            <column name="USERNAME">NVE</column>
            <column name="PASS">NVE123</column>
            <column name="NAMENV">Nguyen Van E</column>
            <column name="MAIL">NVE123@gmail.com</column>
            <column name="PHONE">0987656724</column>
            <column name="CHUCVU">NV</column>
            <column name="BACLUONG">1</column>
            <column name="PHONGBAN">PB02</column>
            <column name="HDLD">HDNV</column>
        </table>
        <table name="nhanvien">
            <column name="MANV">NV06</column>
            <column name="USERNAME">NHH</column>
            <column name="PASS">NHH123</column>
            <column name="NAMENV">Nguyen Huu H</column>
            <column name="MAIL">NHH123@gmail.com</column>
            <column name="PHONE">0978647342</column>
            <column name="CHUCVU">NV</column>
            <column name="BACLUONG">2</column>
            <column name="PHONGBAN">PB03</column>
            <column name="HDLD">HDNV</column>
        </table>
        <table name="nhanvien">
            <column name="MANV">NV10</column>
            <column name="USERNAME">HVA</column>
            <column name="PASS">HVA123</column>
            <column name="NAMENV">Hoang Van An</column>
            <column name="MAIL">HVA123@gmail.com</column>
            <column name="PHONE">0967325253</column>
            <column name="CHUCVU">NV</column>
            <column name="BACLUONG">1</column>
            <column name="PHONGBAN">PB02</column>
            <column name="HDLD">HDNV</column>
        </table>
        <!-- Bảng phongban -->
        <table name="phongban">
            <column name="MAPB">PB01</column>
            <column name="NAMEPB">Giam Doc</column>
            <column name="DCPB">Ha Noi</column>
            <column name="STDPB">0966123456</column>
        </table>
        <table name="phongban">
            <column name="MAPB">PB02</column>
            <column name="NAMEPB">Kinh Doanh</column>
            <column name="DCPB">Ha Noi</column>
            <column name="STDPB">0966123465</column>
        </table>
        <table name="phongban">
            <column name="MAPB">PB03</column>
            <column name="NAMEPB">Phat Trien</column>
            <column name="DCPB">Ha Noi</column>
            <column name="STDPB">0966123654</column>
        </table>
        <!-- Bảng sdt -->
        <table name="sdt">
            <column name="MANV">GD01</column>
            <column name="PHONE">0999229292</column>
        </table>
        <table name="sdt">
            <column name="MANV">NV01</column>
            <column name="PHONE">0981223457</column>
        </table>
        <table name="sdt">
            <column name="MANV">NV01</column>
            <column name="PHONE">0987654321</column>
        </table>
        <table name="sdt">
            <column name="MANV">NV02</column>
            <column name="PHONE">0983362826</column>
        </table>
        <table name="sdt">
            <column name="MANV">NV02</column>
            <column name="PHONE">0987687321</column>
        </table>
        <table name="sdt">
            <column name="MANV">NV03</column>
            <column name="PHONE">0992836484</column>
        </table>
        <table name="sdt">
            <column name="MANV">NV04</column>
            <column name="PHONE">0942736483</column>
        </table>
        <table name="sdt">
            <column name="MANV">NV05</column>
            <column name="PHONE">0097294628</column>
        </table>
        <table name="sdt">
            <column name="MANV">NV10</column>
            <column name="PHONE">0967325253</column>
        </table>
        <table name="sdt">
            <column name="MANV">NV10</column>
            <column name="PHONE">0987654321</column>
        </table>
    </database>
</pma_xml_export>